{
  "posts": [
    {
      "id": 1,
      "pName": "Jotsana",
      "pAmount": "sharma",
      "pEmi": "jots@gmail.com",
      "pNominee": "123456672"
    }
  ],
  "signupUsers": [
    {
      "uname": "Jyotsana",
      "pwd": "Sharma",
      "email": "jyotsana@gmail.com",
      "id": 1
    },
    {
      "uname": "Batman",
      "pwd": "batman",
      "email": "batman@gmail.com",
      "id": 3
    },
    {
      "uname": "Charan",
      "pwd": "kumar",
      "email": "charan@gmail.com",
      "id": 4
    }
  ],
  "comments": [],
  "profile": {
    "name": "typicode"
  }
}